"Symfony Parte 1: Criação de uma Api RestFul";Sim
"Symfony Parte 2: Autenticação e HATEOAS";Sim
"PHP Doctrine: Introdução ao Mapeamento Objeto-Relacional";Sim
"Laravel parte 1 : Produtividade no desenvolvimento web";Sim
"Laravel parte 2 : Trabalhando com Autenticação, Relacionamentos e Testes";Sim
"Lumen : API Rest com o Micro-frameword do Laravel";Sim
"Introdução ao PHP: Primeiros passos com a liguagem";Sim
"Avançando com PHP : Arrays, Strings , Função e web";Sim
"MVC com PHP : Entenda o padrão Model-View-Controller";Sim
"PHP Composer: Dependencias, Autoload e Publicação";Sim
"PHP e TDD : Testes com PHPUnit";Sim
"Design Patterns PHP I: Boas praticas de programação";NÃ£o
"Design Patterns PHP II: Boas praticas de programação";NÃ£o
"Curso de PDO: Persistencia com PHP";NÃ£o
"Orientao a Objetos com PHP";NÃ£o
